<application>
  <component name="ProjectManager">
    <defaultProject>
      <component name="WindowStateProjectService">
        <state x="2618" y="339" width="522" height="519" key="FileChooserDialogImpl" timestamp="1685654321186">
          <screen x="1920" y="0" width="1920" height="1200" />
        </state>
        <state x="698" y="305" key="FileChooserDialogImpl/0.0.1920.1080/0.1080.1920.515" timestamp="1684427140538" />
        <state x="698" y="305" key="FileChooserDialogImpl/0.0.1920.1080/0.1080.1920.515/1920.0.1920.1080" timestamp="1678372269849" />
        <state x="2618" y="339" width="522" height="519" key="FileChooserDialogImpl/0.0.1920.1080/0.1080.1920.515/1920.0.1920.1200" timestamp="1685654321186" />
      </component>
    </defaultProject>
  </component>
</application>