<keymap version="1" name="XWin Proper Redo" parent="Default for XWin">
  <action id="$Redo">
    <keyboard-shortcut first-keystroke="shift ctrl z" />
    <keyboard-shortcut first-keystroke="shift alt back_space" />
    <keyboard-shortcut first-keystroke="ctrl y" />
  </action>
  <action id="CIDR.Lang.Cpp.GenerateGetterAndSetter">
    <keyboard-shortcut first-keystroke="shift ctrl x" />
  </action>
  <action id="CMake.ReloadCMakeProject">
    <keyboard-shortcut first-keystroke="ctrl alt w" />
  </action>
  <action id="ChangeSignature">
    <keyboard-shortcut first-keystroke="ctrl f6" />
    <keyboard-shortcut first-keystroke="ctrl exclamation_mark" />
  </action>
  <action id="CommentByBlockComment">
    <keyboard-shortcut first-keystroke="ctrl colon" />
  </action>
  <action id="CommentByLineComment">
    <keyboard-shortcut first-keystroke="ctrl semicolon" />
  </action>
  <action id="ConvertIndentsToSpaces">
    <keyboard-shortcut first-keystroke="#10000e9" />
  </action>
  <action id="EditorDeleteLine" />
  <action id="Github.PullRequest.Diff.Comment.Create" />
  <action id="SynchronizeCurrentFile">
    <keyboard-shortcut first-keystroke="ctrl altGraph exclamation_mark" />
  </action>
  <action id="ToggleBreakpointEnabled">
    <keyboard-shortcut first-keystroke="ctrl numpad1" />
  </action>
  <action id="ToggleLineBreakpoint">
    <keyboard-shortcut first-keystroke="ctrl numpad2" />
  </action>
  <action id="copilot.cycleNextInlays">
    <keyboard-shortcut first-keystroke="alt exclamation_mark" />
  </action>
  <action id="copilot.cyclePrevInlays">
    <keyboard-shortcut first-keystroke="alt colon" />
  </action>
</keymap>