<application>
  <component name="ExportableFileTemplateSettings">
    <default_templates>
      <template name="Polymorph script.hpp" file-name="${NAME}Script" reformat="true" live-template-enabled="false">
        <template name="Polymorph script.hpp.child.0.hpp" file-name="${NAME}Initializer" reformat="true" live-template-enabled="false" />
        <template name="Polymorph script.hpp.child.1.cpp" file-name="${NAME}Script" reformat="true" live-template-enabled="false" />
        <template name="Polymorph script.hpp.child.2.cpp" file-name="${NAME}Initializer" reformat="true" live-template-enabled="false" />
      </template>
      <template name="Polymorph script.hpp.child.0.hpp" file-name="${NAME}Initializer" reformat="true" live-template-enabled="false" />
      <template name="Polymorph script.hpp.child.1.cpp" file-name="${NAME}Script" reformat="true" live-template-enabled="false" />
      <template name="Polymorph script.hpp.child.2.cpp" file-name="${NAME}Initializer" reformat="true" live-template-enabled="false" />
    </default_templates>
  </component>
</application>