<application>
  <component name="FileTypeManager" version="18">
    <extensionMap>
      <mapping pattern="teste" type="AUTO_DETECTED" />
      <mapping pattern="maze" type="AUTO_DETECTED" />
      <mapping pattern="xsd/xml" type="AUTO_DETECTED" />
      <mapping pattern="teste10000" type="AUTO_DETECTED" />
      <mapping pattern="Doxyfile" type="AUTO_DETECTED" />
      <mapping pattern="ficout2" type="AUTO_DETECTED" />
      <mapping pattern="makefile list" type="AUTO_DETECTED" />
      <mapping pattern="errors" type="AUTO_DETECTED" />
      <mapping pattern="next" type="AUTO_DETECTED" />
      <mapping pattern="orb_ennemy_èpreview" type="AUTO_DETECTED" />
      <mapping pattern="cmp" type="AUTO_DETECTED" />
      <mapping pattern="changes" type="AUTO_DETECTED" />
      <mapping pattern="Norm to check" type="AUTO_DETECTED" />
      <mapping pattern="obj" type="AUTO_DETECTED" />
      <mapping pattern="test dig" type="AUTO_DETECTED" />
      <mapping ext="inc" type="Assembly file" />
      <mapping ext="old" type="CMakeLists.txt" />
      <mapping pattern="toto" type="PLAIN_TEXT" />
      <mapping pattern="pute" type="PLAIN_TEXT" />
      <mapping pattern="display for tests" type="PLAIN_TEXT" />
      <mapping pattern=".history" type="PLAIN_TEXT" />
      <mapping pattern="cpd" type="PLAIN_TEXT" />
      <mapping pattern="map_boat_length_differ_test" type="PLAIN_TEXT" />
      <mapping pattern="test" type="PLAIN_TEXT" />
      <mapping pattern="uncompressed" type="PLAIN_TEXT" />
      <mapping pattern="ucpd" type="PLAIN_TEXT" />
      <mapping pattern="intermediate_09_unsorted_list_positive_and_negative_numbers_11" type="PLAIN_TEXT" />
      <mapping pattern="A" type="PLAIN_TEXT" />
      <mapping pattern="usgae tristan" type="PLAIN_TEXT" />
      <mapping pattern="map_boat_lenght_differ_test" type="PLAIN_TEXT" />
      <mapping pattern=".gitmodules" type="PLAIN_TEXT" />
      <mapping pattern="differences" type="PLAIN_TEXT" />
      <mapping pattern="test1" type="PLAIN_TEXT" />
      <mapping pattern=".legend" type="PLAIN_TEXT" />
      <mapping pattern="test_counter_clockwise_diag" type="PLAIN_TEXT" />
      <mapping pattern="test50000" type="PLAIN_TEXT" />
      <mapping pattern="map" type="PLAIN_TEXT" />
      <mapping pattern="test10000" type="PLAIN_TEXT" />
      <mapping pattern="test file" type="PLAIN_TEXT" />
      <mapping pattern="emojis" type="PLAIN_TEXT" />
      <mapping pattern="Dimensions" type="PLAIN_TEXT" />
      <mapping pattern=".config" type="PLAIN_TEXT" />
      <mapping pattern="test2" type="PLAIN_TEXT" />
      <mapping pattern="test3" type="PLAIN_TEXT" />
      <mapping ext="1" type="PLAIN_TEXT" />
      <mapping ext="commands" type="PLAIN_TEXT" />
      <mapping ext="output" type="PLAIN_TEXT" />
      <mapping ext="fat" type="PLAIN_TEXT" />
      <mapping ext="out" type="PLAIN_TEXT" />
      <mapping ext="nts" type="PLAIN_TEXT" />
      <mapping ext="fet" type="PLAIN_TEXT" />
      <mapping ext="gcno" type="PLAIN_TEXT" />
      <mapping pattern="*.pcf.*" type="XML" />
      <mapping ext="pcf" type="XML" />
      <mapping ext="save" type="XML" />
    </extensionMap>
  </component>
</application>