<application>
  <component name="ProjectManager">
    <defaultProject>
      <component name="CMakeSettings">
        <configurations>
          <configuration PROFILE_NAME="Debug" CONFIG_NAME="Debug" ENABLED="true" />
        </configurations>
      </component>
      <component name="PropertiesComponent">
        <property name="settings.editor.selected.configurable" value="MTConfigurable" />
      </component>
      <component name="WindowStateProjectService">
        <state x="2658" y="346" width="424" height="519" key="FileChooserDialogImpl" timestamp="1685377126578">
          <screen x="1920" y="0" width="1920" height="1200" />
        </state>
        <state x="738" y="311" width="424" height="519" key="FileChooserDialogImpl/0.0.1920.1080/0.1080.1920.515/1920.0.1920.1080" timestamp="1680168860570" />
        <state x="2658" y="346" width="593" height="521" key="FileChooserDialogImpl/0.0.1920.1080/0.1080.1920.515/1920.0.1920.1200" timestamp="1685377126578" />
      </component>
    </defaultProject>
  </component>
</application>